model,hpo1,hpo2,hpo3,score
initial,0.67922,0.67922,0.67922,0.67922
add_features,0.63911,0.63911,0.63911,0.63911
hpo,0.47966,0.47218,0.50779,0.47966
